{"rule": 0.2239049758043365, "hmm": 0.04983673310314171, "gbdt": 0.4105219775815628, "cycle": 0.31573631351095904}