{"rule": 0.04088064715479424, "hmm": 0.045183873171088365, "gbdt": 0.4596230424144867, "cycle": 0.45431243725963066}