{"rule": 0.03531492829809727, "hmm": 0.061946992247269045, "gbdt": 0.5102782662328137, "cycle": 0.39245981322181994}